-- phpMyAdmin SQL Dump
-- version 4.1.14
-- http://www.phpmyadmin.net
--
-- Servidor: 127.0.0.1
-- Tiempo de generación: 12-10-2014 a las 20:23:31
-- Versión del servidor: 5.6.17
-- Versión de PHP: 5.5.12

SET SQL_MODE = "NO_AUTO_VALUE_ON_ZERO";
SET time_zone = "+00:00";


/*!40101 SET @OLD_CHARACTER_SET_CLIENT=@@CHARACTER_SET_CLIENT */;
/*!40101 SET @OLD_CHARACTER_SET_RESULTS=@@CHARACTER_SET_RESULTS */;
/*!40101 SET @OLD_COLLATION_CONNECTION=@@COLLATION_CONNECTION */;
/*!40101 SET NAMES utf8 */;

--
-- Base de datos: `sellit_db`
--

-- --------------------------------------------------------

--
-- Estructura de tabla para la tabla `categoria_producto`
--

CREATE TABLE IF NOT EXISTS `categoria_producto` (
  `id` int(11) NOT NULL AUTO_INCREMENT,
  `categoria` varchar(50) COLLATE utf8_spanish_ci NOT NULL,
  PRIMARY KEY (`id`)
) ENGINE=InnoDB DEFAULT CHARSET=utf8 COLLATE=utf8_spanish_ci AUTO_INCREMENT=1 ;

-- --------------------------------------------------------

--
-- Estructura de tabla para la tabla `configuracion`
--

CREATE TABLE IF NOT EXISTS `configuracion` (
  `id` int(11) NOT NULL AUTO_INCREMENT,
  `configuracion` varchar(80) COLLATE utf8_spanish_ci NOT NULL,
  `valor` varchar(80) COLLATE utf8_spanish_ci NOT NULL,
  PRIMARY KEY (`id`)
) ENGINE=InnoDB DEFAULT CHARSET=utf8 COLLATE=utf8_spanish_ci AUTO_INCREMENT=1 ;

-- --------------------------------------------------------

--
-- Estructura de tabla para la tabla `departamentos`
--

CREATE TABLE IF NOT EXISTS `departamentos` (
  `id` int(11) NOT NULL AUTO_INCREMENT,
  `id_dane` varchar(50) COLLATE utf8_spanish_ci NOT NULL,
  `nombre` varchar(50) COLLATE utf8_spanish_ci NOT NULL,
  `activo` tinyint(1) NOT NULL DEFAULT '1',
  PRIMARY KEY (`id`)
) ENGINE=InnoDB  DEFAULT CHARSET=utf8 COLLATE=utf8_spanish_ci AUTO_INCREMENT=67 ;

--
-- Volcado de datos para la tabla `departamentos`
--

INSERT INTO `departamentos` (`id`, `id_dane`, `nombre`, `activo`) VALUES
(34, '5', 'ANTIOQUIA', 1),
(35, '8', 'ATLANTICO', 1),
(36, '11', 'BOGOTA', 1),
(37, '13', 'BOLIVAR', 1),
(38, '15', 'BOYACA', 1),
(39, '17', 'CALDAS', 1),
(40, '18', 'CAQUETA', 1),
(41, '19', 'CAUCA', 1),
(42, '20', 'CESAR', 1),
(43, '23', 'CORDOBA', 1),
(44, '25', 'CUNDINAMARCA', 1),
(45, '27', 'CHOCO', 1),
(46, '41', 'HUILA', 1),
(47, '44', 'LA GUAJIRA', 1),
(48, '47', 'MAGDALENA', 1),
(49, '50', 'META', 1),
(50, '52', 'NARIÑO', 1),
(51, '54', 'N. DE SANTANDER', 1),
(52, '63', 'QUINDIO', 1),
(53, '66', 'RISARALDA', 1),
(54, '68', 'SANTANDER', 1),
(55, '70', 'SUCRE', 1),
(56, '73', 'TOLIMA', 1),
(57, '76', 'VALLE DEL CAUCA', 1),
(58, '81', 'ARAUCA', 1),
(59, '85', 'CASANARE', 1),
(60, '86', 'PUTUMAYO', 1),
(61, '88', 'SAN ANDRES', 1),
(62, '91', 'AMAZONAS', 1),
(63, '94', 'GUAINIA', 1),
(64, '95', 'GUAVIARE', 1),
(65, '97', 'VAUPES', 1),
(66, '99', 'VICHADA', 1);

-- --------------------------------------------------------

--
-- Estructura de tabla para la tabla `estados_producto`
--

CREATE TABLE IF NOT EXISTS `estados_producto` (
  `id` int(11) NOT NULL AUTO_INCREMENT,
  `estado` varchar(50) COLLATE utf8_spanish_ci NOT NULL,
  `cierra_venta` tinyint(1) NOT NULL,
  PRIMARY KEY (`id`)
) ENGINE=InnoDB  DEFAULT CHARSET=utf8 COLLATE=utf8_spanish_ci AUTO_INCREMENT=8 ;

--
-- Volcado de datos para la tabla `estados_producto`
--

INSERT INTO `estados_producto` (`id`, `estado`, `cierra_venta`) VALUES
(1, 'Publicado', 0),
(2, 'En negociacion', 0),
(3, 'Cancelado', 1),
(4, 'Pendiente de pago', 0),
(5, 'Pendiente de entrega', 1),
(6, 'Envio en curso', 1),
(7, 'En disputa', 1);

-- --------------------------------------------------------

--
-- Estructura de tabla para la tabla `municipios`
--

CREATE TABLE IF NOT EXISTS `municipios` (
  `id` int(11) NOT NULL AUTO_INCREMENT,
  `id_dane` int(11) NOT NULL,
  `id_departamento` int(11) NOT NULL,
  `nombre` varchar(50) COLLATE utf8_spanish_ci NOT NULL,
  `activo` tinyint(1) NOT NULL DEFAULT '1',
  PRIMARY KEY (`id`),
  KEY `departamento_fk_idx` (`id_departamento`)
) ENGINE=InnoDB  DEFAULT CHARSET=utf8 COLLATE=utf8_spanish_ci AUTO_INCREMENT=1482 ;

--
-- Volcado de datos para la tabla `municipios`
--

INSERT INTO `municipios` (`id`, `id_dane`, `id_departamento`, `nombre`, `activo`) VALUES
(362, 1, 34, 'MEDELLIN', 1),
(363, 2, 34, 'ABEJORRAL', 1),
(364, 4, 34, 'ABRIAQUI', 1),
(365, 21, 34, 'ALEJANDRIA', 1),
(366, 30, 34, 'AMAGA', 1),
(367, 31, 34, 'AMALFI', 1),
(368, 34, 34, 'ANDES', 1),
(369, 36, 34, 'ANGELOPOLIS', 1),
(370, 38, 34, 'ANGOSTURA', 1),
(371, 40, 34, 'ANORI', 1),
(372, 42, 34, 'SANTAFE DE ANTIOQUIA', 1),
(373, 44, 34, 'ANZA', 1),
(374, 45, 34, 'APARTADO', 1),
(375, 51, 34, 'ARBOLETES', 1),
(376, 55, 34, 'ARGELIA', 1),
(377, 59, 34, 'ARMENIA', 1),
(378, 79, 34, 'BARBOSA', 1),
(379, 86, 34, 'BELMIRA', 1),
(380, 88, 34, 'BELLO', 1),
(381, 91, 34, 'BETANIA', 1),
(382, 93, 34, 'BETULIA', 1),
(383, 101, 34, 'CIUDAD BOLIVAR', 1),
(384, 107, 34, 'BRICEÑO', 1),
(385, 113, 34, 'BURITICA', 1),
(386, 120, 34, 'CACERES', 1),
(387, 125, 34, 'CAICEDO', 1),
(388, 129, 34, 'CALDAS', 1),
(389, 134, 34, 'CAMPAMENTO', 1),
(390, 138, 34, 'CAÑASGORDAS', 1),
(391, 142, 34, 'CARACOLI', 1),
(392, 145, 34, 'CARAMANTA', 1),
(393, 147, 34, 'CAREPA', 1),
(394, 148, 34, 'EL CARMEN DE VIBORAL', 1),
(395, 150, 34, 'CAROLINA', 1),
(396, 154, 34, 'CAUCASIA', 1),
(397, 172, 34, 'CHIGORODO', 1),
(398, 190, 34, 'CISNEROS', 1),
(399, 197, 34, 'COCORNA', 1),
(400, 206, 34, 'CONCEPCION', 1),
(401, 209, 34, 'CONCORDIA', 1),
(402, 212, 34, 'COPACABANA', 1),
(403, 234, 34, 'DABEIBA', 1),
(404, 237, 34, 'DON MATIAS', 1),
(405, 240, 34, 'EBEJICO', 1),
(406, 250, 34, 'EL BAGRE', 1),
(407, 264, 34, 'ENTRERRIOS', 1),
(408, 266, 34, 'ENVIGADO', 1),
(409, 282, 34, 'FREDONIA', 1),
(410, 284, 34, 'FRONTINO', 1),
(411, 306, 34, 'GIRALDO', 1),
(412, 308, 34, 'GIRARDOTA', 1),
(413, 310, 34, 'GOMEZ PLATA', 1),
(414, 313, 34, 'GRANADA', 1),
(415, 315, 34, 'GUADALUPE', 1),
(416, 318, 34, 'GUARNE', 1),
(417, 321, 34, 'GUATAPE', 1),
(418, 347, 34, 'HELICONIA', 1),
(419, 353, 34, 'HISPANIA', 1),
(420, 360, 34, 'ITAGUI', 1),
(421, 361, 34, 'ITUANGO', 1),
(422, 364, 34, 'JARDIN', 1),
(423, 368, 34, 'JERICO', 1),
(424, 376, 34, 'LA CEJA', 1),
(425, 380, 34, 'LA ESTRELLA', 1),
(426, 390, 34, 'LA PINTADA', 1),
(427, 400, 34, 'LA UNION', 1),
(428, 411, 34, 'LIBORINA', 1),
(429, 425, 34, 'MACEO', 1),
(430, 440, 34, 'MARINILLA', 1),
(431, 467, 34, 'MONTEBELLO', 1),
(432, 475, 34, 'MURINDO', 1),
(433, 480, 34, 'MUTATA', 1),
(434, 483, 34, 'NARIÑO', 1),
(435, 490, 34, 'NECOCLI', 1),
(436, 495, 34, 'NECHI', 1),
(437, 501, 34, 'OLAYA', 1),
(438, 541, 34, 'PEÐOL', 1),
(439, 543, 34, 'PEQUE', 1),
(440, 576, 34, 'PUEBLORRICO', 1),
(441, 579, 34, 'PUERTO BERRIO', 1),
(442, 585, 34, 'PUERTO NARE', 1),
(443, 591, 34, 'PUERTO TRIUNFO', 1),
(444, 604, 34, 'REMEDIOS', 1),
(445, 607, 34, 'RETIRO', 1),
(446, 615, 34, 'RIONEGRO', 1),
(447, 628, 34, 'SABANALARGA', 1),
(448, 631, 34, 'SABANETA', 1),
(449, 642, 34, 'SALGAR', 1),
(450, 647, 34, 'SAN ANDRES DE CUERQUIA', 1),
(451, 649, 34, 'SAN CARLOS', 1),
(452, 652, 34, 'SAN FRANCISCO', 1),
(453, 656, 34, 'SAN JERONIMO', 1),
(454, 658, 34, 'SAN JOSE DE LA MONTAÑA', 1),
(455, 659, 34, 'SAN JUAN DE URABA', 1),
(456, 660, 34, 'SAN LUIS', 1),
(457, 664, 34, 'SAN PEDRO', 1),
(458, 665, 34, 'SAN PEDRO DE URABA', 1),
(459, 667, 34, 'SAN RAFAEL', 1),
(460, 670, 34, 'SAN ROQUE', 1),
(461, 674, 34, 'SAN VICENTE', 1),
(462, 679, 34, 'SANTA BARBARA', 1),
(463, 686, 34, 'SANTA ROSA DE OSOS', 1),
(464, 690, 34, 'SANTO DOMINGO', 1),
(465, 697, 34, 'EL SANTUARIO', 1),
(466, 736, 34, 'SEGOVIA', 1),
(467, 756, 34, 'SONSON', 1),
(468, 761, 34, 'SOPETRAN', 1),
(469, 789, 34, 'TAMESIS', 1),
(470, 790, 34, 'TARAZA', 1),
(471, 792, 34, 'TARSO', 1),
(472, 809, 34, 'TITIRIBI', 1),
(473, 819, 34, 'TOLEDO', 1),
(474, 837, 34, 'TURBO', 1),
(475, 842, 34, 'URAMITA', 1),
(476, 847, 34, 'URRAO', 1),
(477, 854, 34, 'VALDIVIA', 1),
(478, 856, 34, 'VALPARAISO', 1),
(479, 858, 34, 'VEGACHI', 1),
(480, 861, 34, 'VENECIA', 1),
(481, 873, 34, 'VIGIA DEL FUERTE', 1),
(482, 885, 34, 'YALI', 1),
(483, 887, 34, 'YARUMAL', 1),
(484, 890, 34, 'YOLOMBO', 1),
(485, 893, 34, 'YONDO', 1),
(486, 895, 34, 'ZARAGOZA', 1),
(487, 1, 35, 'BARRANQUILLA', 1),
(488, 78, 35, 'BARANOA', 1),
(489, 137, 35, 'CAMPO DE LA CRUZ', 1),
(490, 141, 35, 'CANDELARIA', 1),
(491, 296, 35, 'GALAPA', 1),
(492, 372, 35, 'JUAN DE ACOSTA', 1),
(493, 421, 35, 'LURUACO', 1),
(494, 433, 35, 'MALAMBO', 1),
(495, 436, 35, 'MANATI', 1),
(496, 520, 35, 'PALMAR DE VARELA', 1),
(497, 549, 35, 'PIOJO', 1),
(498, 558, 35, 'POLONUEVO', 1),
(499, 560, 35, 'PONEDERA', 1),
(500, 573, 35, 'PUERTO COLOMBIA', 1),
(501, 606, 35, 'REPELON', 1),
(502, 634, 35, 'SABANAGRANDE', 1),
(503, 638, 35, 'SABANALARGA', 1),
(504, 675, 35, 'SANTA LUCIA', 1),
(505, 685, 35, 'SANTO TOMAS', 1),
(506, 758, 35, 'SOLEDAD', 1),
(507, 770, 35, 'SUAN', 1),
(508, 832, 35, 'TUBARA', 1),
(509, 849, 35, 'USIACURI', 1),
(510, 1, 36, 'BOGOTA, D.C.', 1),
(511, 1, 37, 'CARTAGENA', 1),
(512, 6, 37, 'ACHI', 1),
(513, 30, 37, 'ALTOS DEL ROSARIO', 1),
(514, 42, 37, 'ARENAL', 1),
(515, 52, 37, 'ARJONA', 1),
(516, 62, 37, 'ARROYOHONDO', 1),
(517, 74, 37, 'BARRANCO DE LOBA', 1),
(518, 140, 37, 'CALAMAR', 1),
(519, 160, 37, 'CANTAGALLO', 1),
(520, 188, 37, 'CICUCO', 1),
(521, 212, 37, 'CORDOBA', 1),
(522, 222, 37, 'CLEMENCIA', 1),
(523, 244, 37, 'EL CARMEN DE BOLIVAR', 1),
(524, 248, 37, 'EL GUAMO', 1),
(525, 268, 37, 'EL PEÑON', 1),
(526, 300, 37, 'HATILLO DE LOBA', 1),
(527, 430, 37, 'MAGANGUE', 1),
(528, 433, 37, 'MAHATES', 1),
(529, 440, 37, 'MARGARITA', 1),
(530, 442, 37, 'MARIA LA BAJA', 1),
(531, 458, 37, 'MONTECRISTO', 1),
(532, 468, 37, 'MOMPOS', 1),
(533, 490, 37, 'NOROSI', 1),
(534, 473, 37, 'MORALES', 1),
(535, 549, 37, 'PINILLOS', 1),
(536, 580, 37, 'REGIDOR', 1),
(537, 600, 37, 'RIO VIEJO', 1),
(538, 620, 37, 'SAN CRISTOBAL', 1),
(539, 647, 37, 'SAN ESTANISLAO', 1),
(540, 650, 37, 'SAN FERNANDO', 1),
(541, 654, 37, 'SAN JACINTO', 1),
(542, 655, 37, 'SAN JACINTO DEL CAUCA', 1),
(543, 657, 37, 'SAN JUAN NEPOMUCENO', 1),
(544, 667, 37, 'SAN MARTIN DE LOBA', 1),
(545, 670, 37, 'SAN PABLO', 1),
(546, 673, 37, 'SANTA CATALINA', 1),
(547, 683, 37, 'SANTA ROSA', 1),
(548, 688, 37, 'SANTA ROSA DEL SUR', 1),
(549, 744, 37, 'SIMITI', 1),
(550, 760, 37, 'SOPLAVIENTO', 1),
(551, 780, 37, 'TALAIGUA NUEVO', 1),
(552, 810, 37, 'TIQUISIO', 1),
(553, 836, 37, 'TURBACO', 1),
(554, 838, 37, 'TURBANA', 1),
(555, 873, 37, 'VILLANUEVA', 1),
(556, 894, 37, 'ZAMBRANO', 1),
(557, 1, 38, 'TUNJA', 1),
(558, 22, 38, 'ALMEIDA', 1),
(559, 47, 38, 'AQUITANIA', 1),
(560, 51, 38, 'ARCABUCO', 1),
(561, 87, 38, 'BELEN', 1),
(562, 90, 38, 'BERBEO', 1),
(563, 92, 38, 'BETEITIVA', 1),
(564, 97, 38, 'BOAVITA', 1),
(565, 104, 38, 'BOYACA', 1),
(566, 106, 38, 'BRICEÑO', 1),
(567, 109, 38, 'BUENAVISTA', 1),
(568, 114, 38, 'BUSBANZA', 1),
(569, 131, 38, 'CALDAS', 1),
(570, 135, 38, 'CAMPOHERMOSO', 1),
(571, 162, 38, 'CERINZA', 1),
(572, 172, 38, 'CHINAVITA', 1),
(573, 176, 38, 'CHIQUINQUIRA', 1),
(574, 180, 38, 'CHISCAS', 1),
(575, 183, 38, 'CHITA', 1),
(576, 185, 38, 'CHITARAQUE', 1),
(577, 187, 38, 'CHIVATA', 1),
(578, 189, 38, 'CIENEGA', 1),
(579, 204, 38, 'COMBITA', 1),
(580, 212, 38, 'COPER', 1),
(581, 215, 38, 'CORRALES', 1),
(582, 218, 38, 'COVARACHIA', 1),
(583, 223, 38, 'CUBARA', 1),
(584, 224, 38, 'CUCAITA', 1),
(585, 226, 38, 'CUITIVA', 1),
(586, 232, 38, 'CHIQUIZA', 1),
(587, 236, 38, 'CHIVOR', 1),
(588, 238, 38, 'DUITAMA', 1),
(589, 244, 38, 'EL COCUY', 1),
(590, 248, 38, 'EL ESPINO', 1),
(591, 272, 38, 'FIRAVITOBA', 1),
(592, 276, 38, 'FLORESTA', 1),
(593, 293, 38, 'GACHANTIVA', 1),
(594, 296, 38, 'GAMEZA', 1),
(595, 299, 38, 'GARAGOA', 1),
(596, 317, 38, 'GUACAMAYAS', 1),
(597, 322, 38, 'GUATEQUE', 1),
(598, 325, 38, 'GUAYATA', 1),
(599, 332, 38, 'GsICAN', 1),
(600, 362, 38, 'IZA', 1),
(601, 367, 38, 'JENESANO', 1),
(602, 368, 38, 'JERICO', 1),
(603, 377, 38, 'LABRANZAGRANDE', 1),
(604, 380, 38, 'LA CAPILLA', 1),
(605, 401, 38, 'LA VICTORIA', 1),
(606, 403, 38, 'LA UVITA', 1),
(607, 407, 38, 'VILLA DE LEYVA', 1),
(608, 425, 38, 'MACANAL', 1),
(609, 442, 38, 'MARIPI', 1),
(610, 455, 38, 'MIRAFLORES', 1),
(611, 464, 38, 'MONGUA', 1),
(612, 466, 38, 'MONGUI', 1),
(613, 469, 38, 'MONIQUIRA', 1),
(614, 476, 38, 'MOTAVITA', 1),
(615, 480, 38, 'MUZO', 1),
(616, 491, 38, 'NOBSA', 1),
(617, 494, 38, 'NUEVO COLON', 1),
(618, 500, 38, 'OICATA', 1),
(619, 507, 38, 'OTANCHE', 1),
(620, 511, 38, 'PACHAVITA', 1),
(621, 514, 38, 'PAEZ', 1),
(622, 516, 38, 'PAIPA', 1),
(623, 518, 38, 'PAJARITO', 1),
(624, 522, 38, 'PANQUEBA', 1),
(625, 531, 38, 'PAUNA', 1),
(626, 533, 38, 'PAYA', 1),
(627, 537, 38, 'PAZ DE RIO', 1),
(628, 542, 38, 'PESCA', 1),
(629, 550, 38, 'PISBA', 1),
(630, 572, 38, 'PUERTO BOYACA', 1),
(631, 580, 38, 'QUIPAMA', 1),
(632, 599, 38, 'RAMIRIQUI', 1),
(633, 600, 38, 'RAQUIRA', 1),
(634, 621, 38, 'RONDON', 1),
(635, 632, 38, 'SABOYA', 1),
(636, 638, 38, 'SACHICA', 1),
(637, 646, 38, 'SAMACA', 1),
(638, 660, 38, 'SAN EDUARDO', 1),
(639, 664, 38, 'SAN JOSE DE PARE', 1),
(640, 667, 38, 'SAN LUIS DE GACENO', 1),
(641, 673, 38, 'SAN MATEO', 1),
(642, 676, 38, 'SAN MIGUEL DE SEMA', 1),
(643, 681, 38, 'SAN PABLO DE BORBUR', 1),
(644, 686, 38, 'SANTANA', 1),
(645, 690, 38, 'SANTA MARIA', 1),
(646, 693, 38, 'SANTA ROSA DE VITERBO', 1),
(647, 696, 38, 'SANTA SOFIA', 1),
(648, 720, 38, 'SATIVANORTE', 1),
(649, 723, 38, 'SATIVASUR', 1),
(650, 740, 38, 'SIACHOQUE', 1),
(651, 753, 38, 'SOATA', 1),
(652, 755, 38, 'SOCOTA', 1),
(653, 757, 38, 'SOCHA', 1),
(654, 759, 38, 'SOGAMOSO', 1),
(655, 761, 38, 'SOMONDOCO', 1),
(656, 762, 38, 'SORA', 1),
(657, 763, 38, 'SOTAQUIRA', 1),
(658, 764, 38, 'SORACA', 1),
(659, 774, 38, 'SUSACON', 1),
(660, 776, 38, 'SUTAMARCHAN', 1),
(661, 778, 38, 'SUTATENZA', 1),
(662, 790, 38, 'TASCO', 1),
(663, 798, 38, 'TENZA', 1),
(664, 804, 38, 'TIBANA', 1),
(665, 806, 38, 'TIBASOSA', 1),
(666, 808, 38, 'TINJACA', 1),
(667, 810, 38, 'TIPACOQUE', 1),
(668, 814, 38, 'TOCA', 1),
(669, 816, 38, 'TOGsI', 1),
(670, 820, 38, 'TOPAGA', 1),
(671, 822, 38, 'TOTA', 1),
(672, 832, 38, 'TUNUNGUA', 1),
(673, 835, 38, 'TURMEQUE', 1),
(674, 837, 38, 'TUTA', 1),
(675, 839, 38, 'TUTAZA', 1),
(676, 842, 38, 'UMBITA', 1),
(677, 861, 38, 'VENTAQUEMADA', 1),
(678, 879, 38, 'VIRACACHA', 1),
(679, 897, 38, 'ZETAQUIRA', 1),
(680, 1, 39, 'MANIZALES', 1),
(681, 13, 39, 'AGUADAS', 1),
(682, 42, 39, 'ANSERMA', 1),
(683, 50, 39, 'ARANZAZU', 1),
(684, 88, 39, 'BELALCAZAR', 1),
(685, 174, 39, 'CHINCHINA', 1),
(686, 272, 39, 'FILADELFIA', 1),
(687, 380, 39, 'LA DORADA', 1),
(688, 388, 39, 'LA MERCED', 1),
(689, 433, 39, 'MANZANARES', 1),
(690, 442, 39, 'MARMATO', 1),
(691, 444, 39, 'MARQUETALIA', 1),
(692, 446, 39, 'MARULANDA', 1),
(693, 486, 39, 'NEIRA', 1),
(694, 495, 39, 'NORCASIA', 1),
(695, 513, 39, 'PACORA', 1),
(696, 524, 39, 'PALESTINA', 1),
(697, 541, 39, 'PENSILVANIA', 1),
(698, 614, 39, 'RIOSUCIO', 1),
(699, 616, 39, 'RISARALDA', 1),
(700, 653, 39, 'SALAMINA', 1),
(701, 662, 39, 'SAMANA', 1),
(702, 665, 39, 'SAN JOSE', 1),
(703, 777, 39, 'SUPIA', 1),
(704, 867, 39, 'VICTORIA', 1),
(705, 873, 39, 'VILLAMARIA', 1),
(706, 877, 39, 'VITERBO', 1),
(707, 1, 40, 'FLORENCIA', 1),
(708, 29, 40, 'ALBANIA', 1),
(709, 94, 40, 'BELEN DE LOS ANDAQUIES', 1),
(710, 150, 40, 'CARTAGENA DEL CHAIRA', 1),
(711, 205, 40, 'CURILLO', 1),
(712, 247, 40, 'EL DONCELLO', 1),
(713, 256, 40, 'EL PAUJIL', 1),
(714, 410, 40, 'LA MONTAÑITA', 1),
(715, 460, 40, 'MILAN', 1),
(716, 479, 40, 'MORELIA', 1),
(717, 592, 40, 'PUERTO RICO', 1),
(718, 610, 40, 'SAN JOSE DEL FRAGUA', 1),
(719, 753, 40, 'SAN VICENTE DEL CAGUAN', 1),
(720, 756, 40, 'SOLANO', 1),
(721, 785, 40, 'SOLITA', 1),
(722, 860, 40, 'VALPARAISO', 1),
(723, 1, 41, 'POPAYAN', 1),
(724, 22, 41, 'ALMAGUER', 1),
(725, 50, 41, 'ARGELIA', 1),
(726, 75, 41, 'BALBOA', 1),
(727, 100, 41, 'BOLIVAR', 1),
(728, 110, 41, 'BUENOS AIRES', 1),
(729, 130, 41, 'CAJIBIO', 1),
(730, 137, 41, 'CALDONO', 1),
(731, 142, 41, 'CALOTO', 1),
(732, 212, 41, 'CORINTO', 1),
(733, 256, 41, 'EL TAMBO', 1),
(734, 290, 41, 'FLORENCIA', 1),
(735, 300, 41, 'GUACHENE', 1),
(736, 318, 41, 'GUAPI', 1),
(737, 355, 41, 'INZA', 1),
(738, 364, 41, 'JAMBALO', 1),
(739, 392, 41, 'LA SIERRA', 1),
(740, 397, 41, 'LA VEGA', 1),
(741, 418, 41, 'LOPEZ', 1),
(742, 450, 41, 'MERCADERES', 1),
(743, 455, 41, 'MIRANDA', 1),
(744, 473, 41, 'MORALES', 1),
(745, 513, 41, 'PADILLA', 1),
(746, 517, 41, 'PAEZ', 1),
(747, 532, 41, 'PATIA', 1),
(748, 533, 41, 'PIAMONTE', 1),
(749, 548, 41, 'PIENDAMO', 1),
(750, 573, 41, 'PUERTO TEJADA', 1),
(751, 585, 41, 'PURACE', 1),
(752, 622, 41, 'ROSAS', 1),
(753, 693, 41, 'SAN SEBASTIAN', 1),
(754, 698, 41, 'SANTANDER DE QUILICHAO', 1),
(755, 701, 41, 'SANTA ROSA', 1),
(756, 743, 41, 'SILVIA', 1),
(757, 760, 41, 'SOTARA', 1),
(758, 780, 41, 'SUAREZ', 1),
(759, 785, 41, 'SUCRE', 1),
(760, 807, 41, 'TIMBIO', 1),
(761, 809, 41, 'TIMBIQUI', 1),
(762, 821, 41, 'TORIBIO', 1),
(763, 824, 41, 'TOTORO', 1),
(764, 845, 41, 'VILLA RICA', 1),
(765, 1, 42, 'VALLEDUPAR', 1),
(766, 11, 42, 'AGUACHICA', 1),
(767, 13, 42, 'AGUSTIN CODAZZI', 1),
(768, 32, 42, 'ASTREA', 1),
(769, 45, 42, 'BECERRIL', 1),
(770, 60, 42, 'BOSCONIA', 1),
(771, 175, 42, 'CHIMICHAGUA', 1),
(772, 178, 42, 'CHIRIGUANA', 1),
(773, 228, 42, 'CURUMANI', 1),
(774, 238, 42, 'EL COPEY', 1),
(775, 250, 42, 'EL PASO', 1),
(776, 295, 42, 'GAMARRA', 1),
(777, 310, 42, 'GONZALEZ', 1),
(778, 383, 42, 'LA GLORIA', 1),
(779, 400, 42, 'LA JAGUA DE IBIRICO', 1),
(780, 443, 42, 'MANAURE', 1),
(781, 517, 42, 'PAILITAS', 1),
(782, 550, 42, 'PELAYA', 1),
(783, 570, 42, 'PUEBLO BELLO', 1),
(784, 614, 42, 'RIO DE ORO', 1),
(785, 621, 42, 'LA PAZ', 1),
(786, 710, 42, 'SAN ALBERTO', 1),
(787, 750, 42, 'SAN DIEGO', 1),
(788, 770, 42, 'SAN MARTIN', 1),
(789, 787, 42, 'TAMALAMEQUE', 1),
(790, 1, 43, 'MONTERIA', 1),
(791, 68, 43, 'AYAPEL', 1),
(792, 79, 43, 'BUENAVISTA', 1),
(793, 90, 43, 'CANALETE', 1),
(794, 162, 43, 'CERETE', 1),
(795, 168, 43, 'CHIMA', 1),
(796, 182, 43, 'CHINU', 1),
(797, 189, 43, 'CIENAGA DE ORO', 1),
(798, 300, 43, 'COTORRA', 1),
(799, 350, 43, 'LA APARTADA', 1),
(800, 417, 43, 'LORICA', 1),
(801, 419, 43, 'LOS CORDOBAS', 1),
(802, 464, 43, 'MOMIL', 1),
(803, 466, 43, 'MONTELIBANO', 1),
(804, 500, 43, 'MOÑITOS', 1),
(805, 555, 43, 'PLANETA RICA', 1),
(806, 570, 43, 'PUEBLO NUEVO', 1),
(807, 574, 43, 'PUERTO ESCONDIDO', 1),
(808, 580, 43, 'PUERTO LIBERTADOR', 1),
(809, 586, 43, 'PURISIMA', 1),
(810, 660, 43, 'SAHAGUN', 1),
(811, 670, 43, 'SAN ANDRES SOTAVENTO', 1),
(812, 672, 43, 'SAN ANTERO', 1),
(813, 675, 43, 'SAN BERNARDO DEL VIENTO', 1),
(814, 678, 43, 'SAN CARLOS', 1),
(815, 686, 43, 'SAN PELAYO', 1),
(816, 807, 43, 'TIERRALTA', 1),
(817, 855, 43, 'VALENCIA', 1),
(818, 1, 44, 'AGUA DE DIOS', 1),
(819, 19, 44, 'ALBAN', 1),
(820, 35, 44, 'ANAPOIMA', 1),
(821, 40, 44, 'ANOLAIMA', 1),
(822, 53, 44, 'ARBELAEZ', 1),
(823, 86, 44, 'BELTRAN', 1),
(824, 95, 44, 'BITUIMA', 1),
(825, 99, 44, 'BOJACA', 1),
(826, 120, 44, 'CABRERA', 1),
(827, 123, 44, 'CACHIPAY', 1),
(828, 126, 44, 'CAJICA', 1),
(829, 148, 44, 'CAPARRAPI', 1),
(830, 151, 44, 'CAQUEZA', 1),
(831, 154, 44, 'CARMEN DE CARUPA', 1),
(832, 168, 44, 'CHAGUANI', 1),
(833, 175, 44, 'CHIA', 1),
(834, 178, 44, 'CHIPAQUE', 1),
(835, 181, 44, 'CHOACHI', 1),
(836, 183, 44, 'CHOCONTA', 1),
(837, 200, 44, 'COGUA', 1),
(838, 214, 44, 'COTA', 1),
(839, 224, 44, 'CUCUNUBA', 1),
(840, 245, 44, 'EL COLEGIO', 1),
(841, 258, 44, 'EL PEÑON', 1),
(842, 260, 44, 'EL ROSAL', 1),
(843, 269, 44, 'FACATATIVA', 1),
(844, 279, 44, 'FOMEQUE', 1),
(845, 281, 44, 'FOSCA', 1),
(846, 286, 44, 'FUNZA', 1),
(847, 288, 44, 'FUQUENE', 1),
(848, 290, 44, 'FUSAGASUGA', 1),
(849, 293, 44, 'GACHALA', 1),
(850, 295, 44, 'GACHANCIPA', 1),
(851, 297, 44, 'GACHETA', 1),
(852, 299, 44, 'GAMA', 1),
(853, 307, 44, 'GIRARDOT', 1),
(854, 312, 44, 'GRANADA', 1),
(855, 317, 44, 'GUACHETA', 1),
(856, 320, 44, 'GUADUAS', 1),
(857, 322, 44, 'GUASCA', 1),
(858, 324, 44, 'GUATAQUI', 1),
(859, 326, 44, 'GUATAVITA', 1),
(860, 328, 44, 'GUAYABAL DE SIQUIMA', 1),
(861, 335, 44, 'GUAYABETAL', 1),
(862, 339, 44, 'GUTIERREZ', 1),
(863, 368, 44, 'JERUSALEN', 1),
(864, 372, 44, 'JUNIN', 1),
(865, 377, 44, 'LA CALERA', 1),
(866, 386, 44, 'LA MESA', 1),
(867, 394, 44, 'LA PALMA', 1),
(868, 398, 44, 'LA PEÑA', 1),
(869, 402, 44, 'LA VEGA', 1),
(870, 407, 44, 'LENGUAZAQUE', 1),
(871, 426, 44, 'MACHETA', 1),
(872, 430, 44, 'MADRID', 1),
(873, 436, 44, 'MANTA', 1),
(874, 438, 44, 'MEDINA', 1),
(875, 473, 44, 'MOSQUERA', 1),
(876, 483, 44, 'NARIÑO', 1),
(877, 486, 44, 'NEMOCON', 1),
(878, 488, 44, 'NILO', 1),
(879, 489, 44, 'NIMAIMA', 1),
(880, 491, 44, 'NOCAIMA', 1),
(881, 506, 44, 'VENECIA', 1),
(882, 513, 44, 'PACHO', 1),
(883, 518, 44, 'PAIME', 1),
(884, 524, 44, 'PANDI', 1),
(885, 530, 44, 'PARATEBUENO', 1),
(886, 535, 44, 'PASCA', 1),
(887, 572, 44, 'PUERTO SALGAR', 1),
(888, 580, 44, 'PULI', 1),
(889, 592, 44, 'QUEBRADANEGRA', 1),
(890, 594, 44, 'QUETAME', 1),
(891, 596, 44, 'QUIPILE', 1),
(892, 599, 44, 'APULO', 1),
(893, 612, 44, 'RICAURTE', 1),
(894, 645, 44, 'SAN ANTONIO DEL TEQUENDAMA', 1),
(895, 649, 44, 'SAN BERNARDO', 1),
(896, 653, 44, 'SAN CAYETANO', 1),
(897, 658, 44, 'SAN FRANCISCO', 1),
(898, 662, 44, 'SAN JUAN DE RIO SECO', 1),
(899, 718, 44, 'SASAIMA', 1),
(900, 736, 44, 'SESQUILE', 1),
(901, 740, 44, 'SIBATE', 1),
(902, 743, 44, 'SILVANIA', 1),
(903, 745, 44, 'SIMIJACA', 1),
(904, 754, 44, 'SOACHA', 1),
(905, 758, 44, 'SOPO', 1),
(906, 769, 44, 'SUBACHOQUE', 1),
(907, 772, 44, 'SUESCA', 1),
(908, 777, 44, 'SUPATA', 1),
(909, 779, 44, 'SUSA', 1),
(910, 781, 44, 'SUTATAUSA', 1),
(911, 785, 44, 'TABIO', 1),
(912, 793, 44, 'TAUSA', 1),
(913, 797, 44, 'TENA', 1),
(914, 799, 44, 'TENJO', 1),
(915, 805, 44, 'TIBACUY', 1),
(916, 807, 44, 'TIBIRITA', 1),
(917, 815, 44, 'TOCAIMA', 1),
(918, 817, 44, 'TOCANCIPA', 1),
(919, 823, 44, 'TOPAIPI', 1),
(920, 839, 44, 'UBALA', 1),
(921, 841, 44, 'UBAQUE', 1),
(922, 843, 44, 'VILLA DE SAN DIEGO DE UBATE', 1),
(923, 845, 44, 'UNE', 1),
(924, 851, 44, 'UTICA', 1),
(925, 862, 44, 'VERGARA', 1),
(926, 867, 44, 'VIANI', 1),
(927, 871, 44, 'VILLAGOMEZ', 1),
(928, 873, 44, 'VILLAPINZON', 1),
(929, 875, 44, 'VILLETA', 1),
(930, 878, 44, 'VIOTA', 1),
(931, 885, 44, 'YACOPI', 1),
(932, 898, 44, 'ZIPACON', 1),
(933, 899, 44, 'ZIPAQUIRA', 1),
(934, 1, 45, 'QUIBDO', 1),
(935, 6, 45, 'ACANDI', 1),
(936, 25, 45, 'ALTO BAUDO', 1),
(937, 50, 45, 'ATRATO', 1),
(938, 73, 45, 'BAGADO', 1),
(939, 75, 45, 'BAHIA SOLANO', 1),
(940, 77, 45, 'BAJO BAUDO', 1),
(941, 99, 45, 'BOJAYA', 1),
(942, 135, 45, 'EL CANTON DEL SAN PABLO', 1),
(943, 150, 45, 'CARMEN DEL DARIEN', 1),
(944, 160, 45, 'CERTEGUI', 1),
(945, 205, 45, 'CONDOTO', 1),
(946, 245, 45, 'EL CARMEN DE ATRATO', 1),
(947, 250, 45, 'EL LITORAL DEL SAN JUAN', 1),
(948, 361, 45, 'ISTMINA', 1),
(949, 372, 45, 'JURADO', 1),
(950, 413, 45, 'LLORO', 1),
(951, 425, 45, 'MEDIO ATRATO', 1),
(952, 430, 45, 'MEDIO BAUDO', 1),
(953, 450, 45, 'MEDIO SAN JUAN', 1),
(954, 491, 45, 'NOVITA', 1),
(955, 495, 45, 'NUQUI', 1),
(956, 580, 45, 'RIO IRO', 1),
(957, 600, 45, 'RIO QUITO', 1),
(958, 615, 45, 'RIOSUCIO', 1),
(959, 660, 45, 'SAN JOSE DEL PALMAR', 1),
(960, 745, 45, 'SIPI', 1),
(961, 787, 45, 'TADO', 1),
(962, 800, 45, 'UNGUIA', 1),
(963, 810, 45, 'UNION PANAMERICANA', 1),
(964, 1, 46, 'NEIVA', 1),
(965, 6, 46, 'ACEVEDO', 1),
(966, 13, 46, 'AGRADO', 1),
(967, 16, 46, 'AIPE', 1),
(968, 20, 46, 'ALGECIRAS', 1),
(969, 26, 46, 'ALTAMIRA', 1),
(970, 78, 46, 'BARAYA', 1),
(971, 132, 46, 'CAMPOALEGRE', 1),
(972, 206, 46, 'COLOMBIA', 1),
(973, 244, 46, 'ELIAS', 1),
(974, 298, 46, 'GARZON', 1),
(975, 306, 46, 'GIGANTE', 1),
(976, 319, 46, 'GUADALUPE', 1),
(977, 349, 46, 'HOBO', 1),
(978, 357, 46, 'IQUIRA', 1),
(979, 359, 46, 'ISNOS', 1),
(980, 378, 46, 'LA ARGENTINA', 1),
(981, 396, 46, 'LA PLATA', 1),
(982, 483, 46, 'NATAGA', 1),
(983, 503, 46, 'OPORAPA', 1),
(984, 518, 46, 'PAICOL', 1),
(985, 524, 46, 'PALERMO', 1),
(986, 530, 46, 'PALESTINA', 1),
(987, 548, 46, 'PITAL', 1),
(988, 551, 46, 'PITALITO', 1),
(989, 615, 46, 'RIVERA', 1),
(990, 660, 46, 'SALADOBLANCO', 1),
(991, 668, 46, 'SAN AGUSTIN', 1),
(992, 676, 46, 'SANTA MARIA', 1),
(993, 770, 46, 'SUAZA', 1),
(994, 791, 46, 'TARQUI', 1),
(995, 797, 46, 'TESALIA', 1),
(996, 799, 46, 'TELLO', 1),
(997, 801, 46, 'TERUEL', 1),
(998, 807, 46, 'TIMANA', 1),
(999, 872, 46, 'VILLAVIEJA', 1),
(1000, 885, 46, 'YAGUARA', 1),
(1001, 1, 47, 'RIOHACHA', 1),
(1002, 35, 47, 'ALBANIA', 1),
(1003, 78, 47, 'BARRANCAS', 1),
(1004, 90, 47, 'DIBULLA', 1),
(1005, 98, 47, 'DISTRACCION', 1),
(1006, 110, 47, 'EL MOLINO', 1),
(1007, 279, 47, 'FONSECA', 1),
(1008, 378, 47, 'HATONUEVO', 1),
(1009, 420, 47, 'LA JAGUA DEL PILAR', 1),
(1010, 430, 47, 'MAICAO', 1),
(1011, 560, 47, 'MANAURE', 1),
(1012, 650, 47, 'SAN JUAN DEL CESAR', 1),
(1013, 847, 47, 'URIBIA', 1),
(1014, 855, 47, 'URUMITA', 1),
(1015, 874, 47, 'VILLANUEVA', 1),
(1016, 1, 48, 'SANTA MARTA', 1),
(1017, 30, 48, 'ALGARROBO', 1),
(1018, 53, 48, 'ARACATACA', 1),
(1019, 58, 48, 'ARIGUANI', 1),
(1020, 161, 48, 'CERRO SAN ANTONIO', 1),
(1021, 170, 48, 'CHIBOLO', 1),
(1022, 189, 48, 'CIENAGA', 1),
(1023, 205, 48, 'CONCORDIA', 1),
(1024, 245, 48, 'EL BANCO', 1),
(1025, 258, 48, 'EL PIÑON', 1),
(1026, 268, 48, 'EL RETEN', 1),
(1027, 288, 48, 'FUNDACION', 1),
(1028, 318, 48, 'GUAMAL', 1),
(1029, 460, 48, 'NUEVA GRANADA', 1),
(1030, 541, 48, 'PEDRAZA', 1),
(1031, 545, 48, 'PIJIÑO DEL CARMEN', 1),
(1032, 551, 48, 'PIVIJAY', 1),
(1033, 555, 48, 'PLATO', 1),
(1034, 570, 48, 'PUEBLOVIEJO', 1),
(1035, 605, 48, 'REMOLINO', 1),
(1036, 660, 48, 'SABANAS DE SAN ANGEL', 1),
(1037, 675, 48, 'SALAMINA', 1),
(1038, 692, 48, 'SAN SEBASTIAN DE BUENAVISTA', 1),
(1039, 703, 48, 'SAN ZENON', 1),
(1040, 707, 48, 'SANTA ANA', 1),
(1041, 720, 48, 'SANTA BARBARA DE PINTO', 1),
(1042, 745, 48, 'SITIONUEVO', 1),
(1043, 798, 48, 'TENERIFE', 1),
(1044, 960, 48, 'ZAPAYAN', 1),
(1045, 980, 48, 'ZONA BANANERA', 1),
(1046, 1, 49, 'VILLAVICENCIO', 1),
(1047, 6, 49, 'ACACIAS', 1),
(1048, 110, 49, 'BARRANCA DE UPIA', 1),
(1049, 124, 49, 'CABUYARO', 1),
(1050, 150, 49, 'CASTILLA LA NUEVA', 1),
(1051, 223, 49, 'CUBARRAL', 1),
(1052, 226, 49, 'CUMARAL', 1),
(1053, 245, 49, 'EL CALVARIO', 1),
(1054, 251, 49, 'EL CASTILLO', 1),
(1055, 270, 49, 'EL DORADO', 1),
(1056, 287, 49, 'FUENTE DE ORO', 1),
(1057, 313, 49, 'GRANADA', 1),
(1058, 318, 49, 'GUAMAL', 1),
(1059, 325, 49, 'MAPIRIPAN', 1),
(1060, 330, 49, 'MESETAS', 1),
(1061, 350, 49, 'LA MACARENA', 1),
(1062, 370, 49, 'URIBE', 1),
(1063, 400, 49, 'LEJANIAS', 1),
(1064, 450, 49, 'PUERTO CONCORDIA', 1),
(1065, 568, 49, 'PUERTO GAITAN', 1),
(1066, 573, 49, 'PUERTO LOPEZ', 1),
(1067, 577, 49, 'PUERTO LLERAS', 1),
(1068, 590, 49, 'PUERTO RICO', 1),
(1069, 606, 49, 'RESTREPO', 1),
(1070, 680, 49, 'SAN CARLOS DE GUAROA', 1),
(1071, 683, 49, 'SAN JUAN DE ARAMA', 1),
(1072, 686, 49, 'SAN JUANITO', 1),
(1073, 689, 49, 'SAN MARTIN', 1),
(1074, 711, 49, 'VISTAHERMOSA', 1),
(1075, 1, 50, 'PASTO', 1),
(1076, 19, 50, 'ALBAN', 1),
(1077, 22, 50, 'ALDANA', 1),
(1078, 36, 50, 'ANCUYA', 1),
(1079, 51, 50, 'ARBOLEDA', 1),
(1080, 79, 50, 'BARBACOAS', 1),
(1081, 83, 50, 'BELEN', 1),
(1082, 110, 50, 'BUESACO', 1),
(1083, 203, 50, 'COLON', 1),
(1084, 207, 50, 'CONSACA', 1),
(1085, 210, 50, 'CONTADERO', 1),
(1086, 215, 50, 'CORDOBA', 1),
(1087, 224, 50, 'CUASPUD', 1),
(1088, 227, 50, 'CUMBAL', 1),
(1089, 233, 50, 'CUMBITARA', 1),
(1090, 240, 50, 'CHACHAGsI', 1),
(1091, 250, 50, 'EL CHARCO', 1),
(1092, 254, 50, 'EL PEÑOL', 1),
(1093, 256, 50, 'EL ROSARIO', 1),
(1094, 258, 50, 'EL TABLON DE GOMEZ', 1),
(1095, 260, 50, 'EL TAMBO', 1),
(1096, 287, 50, 'FUNES', 1),
(1097, 317, 50, 'GUACHUCAL', 1),
(1098, 320, 50, 'GUAITARILLA', 1),
(1099, 323, 50, 'GUALMATAN', 1),
(1100, 352, 50, 'ILES', 1),
(1101, 354, 50, 'IMUES', 1),
(1102, 356, 50, 'IPIALES', 1),
(1103, 378, 50, 'LA CRUZ', 1),
(1104, 381, 50, 'LA FLORIDA', 1),
(1105, 385, 50, 'LA LLANADA', 1),
(1106, 390, 50, 'LA TOLA', 1),
(1107, 399, 50, 'LA UNION', 1),
(1108, 405, 50, 'LEIVA', 1),
(1109, 411, 50, 'LINARES', 1),
(1110, 418, 50, 'LOS ANDES', 1),
(1111, 427, 50, 'MAGsI', 1),
(1112, 435, 50, 'MALLAMA', 1),
(1113, 473, 50, 'MOSQUERA', 1),
(1114, 480, 50, 'NARIÑO', 1),
(1115, 490, 50, 'OLAYA HERRERA', 1),
(1116, 506, 50, 'OSPINA', 1),
(1117, 520, 50, 'FRANCISCO PIZARRO', 1),
(1118, 540, 50, 'POLICARPA', 1),
(1119, 560, 50, 'POTOSI', 1),
(1120, 565, 50, 'PROVIDENCIA', 1),
(1121, 573, 50, 'PUERRES', 1),
(1122, 585, 50, 'PUPIALES', 1),
(1123, 612, 50, 'RICAURTE', 1),
(1124, 621, 50, 'ROBERTO PAYAN', 1),
(1125, 678, 50, 'SAMANIEGO', 1),
(1126, 683, 50, 'SANDONA', 1),
(1127, 685, 50, 'SAN BERNARDO', 1),
(1128, 687, 50, 'SAN LORENZO', 1),
(1129, 693, 50, 'SAN PABLO', 1),
(1130, 694, 50, 'SAN PEDRO DE CARTAGO', 1),
(1131, 696, 50, 'SANTA BARBARA', 1),
(1132, 699, 50, 'SANTACRUZ', 1),
(1133, 720, 50, 'SAPUYES', 1),
(1134, 786, 50, 'TAMINANGO', 1),
(1135, 788, 50, 'TANGUA', 1),
(1136, 835, 50, 'SAN ANDRES DE TUMACO', 1),
(1137, 838, 50, 'TUQUERRES', 1),
(1138, 885, 50, 'YACUANQUER', 1),
(1139, 1, 51, 'CUCUTA', 1),
(1140, 3, 51, 'ABREGO', 1),
(1141, 51, 51, 'ARBOLEDAS', 1),
(1142, 99, 51, 'BOCHALEMA', 1),
(1143, 109, 51, 'BUCARASICA', 1),
(1144, 125, 51, 'CACOTA', 1),
(1145, 128, 51, 'CACHIRA', 1),
(1146, 172, 51, 'CHINACOTA', 1),
(1147, 174, 51, 'CHITAGA', 1),
(1148, 206, 51, 'CONVENCION', 1),
(1149, 223, 51, 'CUCUTILLA', 1),
(1150, 239, 51, 'DURANIA', 1),
(1151, 245, 51, 'EL CARMEN', 1),
(1152, 250, 51, 'EL TARRA', 1),
(1153, 261, 51, 'EL ZULIA', 1),
(1154, 313, 51, 'GRAMALOTE', 1),
(1155, 344, 51, 'HACARI', 1),
(1156, 347, 51, 'HERRAN', 1),
(1157, 377, 51, 'LABATECA', 1),
(1158, 385, 51, 'LA ESPERANZA', 1),
(1159, 398, 51, 'LA PLAYA', 1),
(1160, 405, 51, 'LOS PATIOS', 1),
(1161, 418, 51, 'LOURDES', 1),
(1162, 480, 51, 'MUTISCUA', 1),
(1163, 498, 51, 'OCAÑA', 1),
(1164, 518, 51, 'PAMPLONA', 1),
(1165, 520, 51, 'PAMPLONITA', 1),
(1166, 553, 51, 'PUERTO SANTANDER', 1),
(1167, 599, 51, 'RAGONVALIA', 1),
(1168, 660, 51, 'SALAZAR', 1),
(1169, 670, 51, 'SAN CALIXTO', 1),
(1170, 673, 51, 'SAN CAYETANO', 1),
(1171, 680, 51, 'SANTIAGO', 1),
(1172, 720, 51, 'SARDINATA', 1),
(1173, 743, 51, 'SILOS', 1),
(1174, 800, 51, 'TEORAMA', 1),
(1175, 810, 51, 'TIBU', 1),
(1176, 820, 51, 'TOLEDO', 1),
(1177, 871, 51, 'VILLA CARO', 1),
(1178, 874, 51, 'VILLA DEL ROSARIO', 1),
(1179, 1, 52, 'ARMENIA', 1),
(1180, 111, 52, 'BUENAVISTA', 1),
(1181, 130, 52, 'CALARCA', 1),
(1182, 190, 52, 'CIRCASIA', 1),
(1183, 212, 52, 'CORDOBA', 1),
(1184, 272, 52, 'FILANDIA', 1),
(1185, 302, 52, 'GENOVA', 1),
(1186, 401, 52, 'LA TEBAIDA', 1),
(1187, 470, 52, 'MONTENEGRO', 1),
(1188, 548, 52, 'PIJAO', 1),
(1189, 594, 52, 'QUIMBAYA', 1),
(1190, 690, 52, 'SALENTO', 1),
(1191, 1, 53, 'PEREIRA', 1),
(1192, 45, 53, 'APIA', 1),
(1193, 75, 53, 'BALBOA', 1),
(1194, 88, 53, 'BELEN DE UMBRIA', 1),
(1195, 170, 53, 'DOSQUEBRADAS', 1),
(1196, 318, 53, 'GUATICA', 1),
(1197, 383, 53, 'LA CELIA', 1),
(1198, 400, 53, 'LA VIRGINIA', 1),
(1199, 440, 53, 'MARSELLA', 1),
(1200, 456, 53, 'MISTRATO', 1),
(1201, 572, 53, 'PUEBLO RICO', 1),
(1202, 594, 53, 'QUINCHIA', 1),
(1203, 682, 53, 'SANTA ROSA DE CABAL', 1),
(1204, 687, 53, 'SANTUARIO', 1),
(1205, 1, 54, 'BUCARAMANGA', 1),
(1206, 13, 54, 'AGUADA', 1),
(1207, 20, 54, 'ALBANIA', 1),
(1208, 51, 54, 'ARATOCA', 1),
(1209, 77, 54, 'BARBOSA', 1),
(1210, 79, 54, 'BARICHARA', 1),
(1211, 81, 54, 'BARRANCABERMEJA', 1),
(1212, 92, 54, 'BETULIA', 1),
(1213, 101, 54, 'BOLIVAR', 1),
(1214, 121, 54, 'CABRERA', 1),
(1215, 132, 54, 'CALIFORNIA', 1),
(1216, 147, 54, 'CAPITANEJO', 1),
(1217, 152, 54, 'CARCASI', 1),
(1218, 160, 54, 'CEPITA', 1),
(1219, 162, 54, 'CERRITO', 1),
(1220, 167, 54, 'CHARALA', 1),
(1221, 169, 54, 'CHARTA', 1),
(1222, 176, 54, 'CHIMA', 1),
(1223, 179, 54, 'CHIPATA', 1),
(1224, 190, 54, 'CIMITARRA', 1),
(1225, 207, 54, 'CONCEPCION', 1),
(1226, 209, 54, 'CONFINES', 1),
(1227, 211, 54, 'CONTRATACION', 1),
(1228, 217, 54, 'COROMORO', 1),
(1229, 229, 54, 'CURITI', 1),
(1230, 235, 54, 'EL CARMEN DE CHUCURI', 1),
(1231, 245, 54, 'EL GUACAMAYO', 1),
(1232, 250, 54, 'EL PEÑON', 1),
(1233, 255, 54, 'EL PLAYON', 1),
(1234, 264, 54, 'ENCINO', 1),
(1235, 266, 54, 'ENCISO', 1),
(1236, 271, 54, 'FLORIAN', 1),
(1237, 276, 54, 'FLORIDABLANCA', 1),
(1238, 296, 54, 'GALAN', 1),
(1239, 298, 54, 'GAMBITA', 1),
(1240, 307, 54, 'GIRON', 1),
(1241, 318, 54, 'GUACA', 1),
(1242, 320, 54, 'GUADALUPE', 1),
(1243, 322, 54, 'GUAPOTA', 1),
(1244, 324, 54, 'GUAVATA', 1),
(1245, 327, 54, 'GsEPSA', 1),
(1246, 344, 54, 'HATO', 1),
(1247, 368, 54, 'JESUS MARIA', 1),
(1248, 370, 54, 'JORDAN', 1),
(1249, 377, 54, 'LA BELLEZA', 1),
(1250, 385, 54, 'LANDAZURI', 1),
(1251, 397, 54, 'LA PAZ', 1),
(1252, 406, 54, 'LEBRIJA', 1),
(1253, 418, 54, 'LOS SANTOS', 1),
(1254, 425, 54, 'MACARAVITA', 1),
(1255, 432, 54, 'MALAGA', 1),
(1256, 444, 54, 'MATANZA', 1),
(1257, 464, 54, 'MOGOTES', 1),
(1258, 468, 54, 'MOLAGAVITA', 1),
(1259, 498, 54, 'OCAMONTE', 1),
(1260, 500, 54, 'OIBA', 1),
(1261, 502, 54, 'ONZAGA', 1),
(1262, 522, 54, 'PALMAR', 1),
(1263, 524, 54, 'PALMAS DEL SOCORRO', 1),
(1264, 533, 54, 'PARAMO', 1),
(1265, 547, 54, 'PIEDECUESTA', 1),
(1266, 549, 54, 'PINCHOTE', 1),
(1267, 572, 54, 'PUENTE NACIONAL', 1),
(1268, 573, 54, 'PUERTO PARRA', 1),
(1269, 575, 54, 'PUERTO WILCHES', 1),
(1270, 615, 54, 'RIONEGRO', 1),
(1271, 655, 54, 'SABANA DE TORRES', 1),
(1272, 669, 54, 'SAN ANDRES', 1),
(1273, 673, 54, 'SAN BENITO', 1),
(1274, 679, 54, 'SAN GIL', 1),
(1275, 682, 54, 'SAN JOAQUIN', 1),
(1276, 684, 54, 'SAN JOSE DE MIRANDA', 1),
(1277, 686, 54, 'SAN MIGUEL', 1),
(1278, 689, 54, 'SAN VICENTE DE CHUCURI', 1),
(1279, 705, 54, 'SANTA BARBARA', 1),
(1280, 720, 54, 'SANTA HELENA DEL OPON', 1),
(1281, 745, 54, 'SIMACOTA', 1),
(1282, 755, 54, 'SOCORRO', 1),
(1283, 770, 54, 'SUAITA', 1),
(1284, 773, 54, 'SUCRE', 1),
(1285, 780, 54, 'SURATA', 1),
(1286, 820, 54, 'TONA', 1),
(1287, 855, 54, 'VALLE DE SAN JOSE', 1),
(1288, 861, 54, 'VELEZ', 1),
(1289, 867, 54, 'VETAS', 1),
(1290, 872, 54, 'VILLANUEVA', 1),
(1291, 895, 54, 'ZAPATOCA', 1),
(1292, 1, 55, 'SINCELEJO', 1),
(1293, 110, 55, 'BUENAVISTA', 1),
(1294, 124, 55, 'CAIMITO', 1),
(1295, 204, 55, 'COLOSO', 1),
(1296, 215, 55, 'COROZAL', 1),
(1297, 221, 55, 'COVEÑAS', 1),
(1298, 230, 55, 'CHALAN', 1),
(1299, 233, 55, 'EL ROBLE', 1),
(1300, 235, 55, 'GALERAS', 1),
(1301, 265, 55, 'GUARANDA', 1),
(1302, 400, 55, 'LA UNION', 1),
(1303, 418, 55, 'LOS PALMITOS', 1),
(1304, 429, 55, 'MAJAGUAL', 1),
(1305, 473, 55, 'MORROA', 1),
(1306, 508, 55, 'OVEJAS', 1),
(1307, 523, 55, 'PALMITO', 1),
(1308, 670, 55, 'SAMPUES', 1),
(1309, 678, 55, 'SAN BENITO ABAD', 1),
(1310, 702, 55, 'SAN JUAN DE BETULIA', 1),
(1311, 708, 55, 'SAN MARCOS', 1),
(1312, 713, 55, 'SAN ONOFRE', 1),
(1313, 717, 55, 'SAN PEDRO', 1),
(1314, 742, 55, 'SAN LUIS DE SINCE', 1),
(1315, 771, 55, 'SUCRE', 1),
(1316, 820, 55, 'SANTIAGO DE TOLU', 1),
(1317, 823, 55, 'TOLU VIEJO', 1),
(1318, 1, 56, 'IBAGUE', 1),
(1319, 24, 56, 'ALPUJARRA', 1),
(1320, 26, 56, 'ALVARADO', 1),
(1321, 30, 56, 'AMBALEMA', 1),
(1322, 43, 56, 'ANZOATEGUI', 1),
(1323, 55, 56, 'ARMERO', 1),
(1324, 67, 56, 'ATACO', 1),
(1325, 124, 56, 'CAJAMARCA', 1),
(1326, 148, 56, 'CARMEN DE APICALA', 1),
(1327, 152, 56, 'CASABIANCA', 1),
(1328, 168, 56, 'CHAPARRAL', 1),
(1329, 200, 56, 'COELLO', 1),
(1330, 217, 56, 'COYAIMA', 1),
(1331, 226, 56, 'CUNDAY', 1),
(1332, 236, 56, 'DOLORES', 1),
(1333, 268, 56, 'ESPINAL', 1),
(1334, 270, 56, 'FALAN', 1),
(1335, 275, 56, 'FLANDES', 1),
(1336, 283, 56, 'FRESNO', 1),
(1337, 319, 56, 'GUAMO', 1),
(1338, 347, 56, 'HERVEO', 1),
(1339, 349, 56, 'HONDA', 1),
(1340, 352, 56, 'ICONONZO', 1),
(1341, 408, 56, 'LERIDA', 1),
(1342, 411, 56, 'LIBANO', 1),
(1343, 443, 56, 'MARIQUITA', 1),
(1344, 449, 56, 'MELGAR', 1),
(1345, 461, 56, 'MURILLO', 1),
(1346, 483, 56, 'NATAGAIMA', 1),
(1347, 504, 56, 'ORTEGA', 1),
(1348, 520, 56, 'PALOCABILDO', 1),
(1349, 547, 56, 'PIEDRAS', 1),
(1350, 555, 56, 'PLANADAS', 1),
(1351, 563, 56, 'PRADO', 1),
(1352, 585, 56, 'PURIFICACION', 1),
(1353, 616, 56, 'RIOBLANCO', 1),
(1354, 622, 56, 'RONCESVALLES', 1),
(1355, 624, 56, 'ROVIRA', 1),
(1356, 671, 56, 'SALDAÑA', 1),
(1357, 675, 56, 'SAN ANTONIO', 1),
(1358, 678, 56, 'SAN LUIS', 1),
(1359, 686, 56, 'SANTA ISABEL', 1),
(1360, 770, 56, 'SUAREZ', 1),
(1361, 854, 56, 'VALLE DE SAN JUAN', 1),
(1362, 861, 56, 'VENADILLO', 1),
(1363, 870, 56, 'VILLAHERMOSA', 1),
(1364, 873, 56, 'VILLARRICA', 1),
(1365, 1, 57, 'CALI', 1),
(1366, 20, 57, 'ALCALA', 1),
(1367, 36, 57, 'ANDALUCIA', 1),
(1368, 41, 57, 'ANSERMANUEVO', 1),
(1369, 54, 57, 'ARGELIA', 1),
(1370, 100, 57, 'BOLIVAR', 1),
(1371, 109, 57, 'BUENAVENTURA', 1),
(1372, 111, 57, 'GUADALAJARA DE BUGA', 1),
(1373, 113, 57, 'BUGALAGRANDE', 1),
(1374, 122, 57, 'CAICEDONIA', 1),
(1375, 126, 57, 'CALIMA', 1),
(1376, 130, 57, 'CANDELARIA', 1),
(1377, 147, 57, 'CARTAGO', 1),
(1378, 233, 57, 'DAGUA', 1),
(1379, 243, 57, 'EL AGUILA', 1),
(1380, 246, 57, 'EL CAIRO', 1),
(1381, 248, 57, 'EL CERRITO', 1),
(1382, 250, 57, 'EL DOVIO', 1),
(1383, 275, 57, 'FLORIDA', 1),
(1384, 306, 57, 'GINEBRA', 1),
(1385, 318, 57, 'GUACARI', 1),
(1386, 364, 57, 'JAMUNDI', 1),
(1387, 377, 57, 'LA CUMBRE', 1),
(1388, 400, 57, 'LA UNION', 1),
(1389, 403, 57, 'LA VICTORIA', 1),
(1390, 497, 57, 'OBANDO', 1),
(1391, 520, 57, 'PALMIRA', 1),
(1392, 563, 57, 'PRADERA', 1),
(1393, 606, 57, 'RESTREPO', 1),
(1394, 616, 57, 'RIOFRIO', 1),
(1395, 622, 57, 'ROLDANILLO', 1),
(1396, 670, 57, 'SAN PEDRO', 1),
(1397, 736, 57, 'SEVILLA', 1),
(1398, 823, 57, 'TORO', 1),
(1399, 828, 57, 'TRUJILLO', 1),
(1400, 834, 57, 'TULUA', 1),
(1401, 845, 57, 'ULLOA', 1),
(1402, 863, 57, 'VERSALLES', 1),
(1403, 869, 57, 'VIJES', 1),
(1404, 890, 57, 'YOTOCO', 1),
(1405, 892, 57, 'YUMBO', 1),
(1406, 895, 57, 'ZARZAL', 1),
(1407, 1, 58, 'ARAUCA', 1),
(1408, 65, 58, 'ARAUQUITA', 1),
(1409, 220, 58, 'CRAVO NORTE', 1),
(1410, 300, 58, 'FORTUL', 1),
(1411, 591, 58, 'PUERTO RONDON', 1),
(1412, 736, 58, 'SARAVENA', 1),
(1413, 794, 58, 'TAME', 1),
(1414, 1, 59, 'YOPAL', 1),
(1415, 10, 59, 'AGUAZUL', 1),
(1416, 15, 59, 'CHAMEZA', 1),
(1417, 125, 59, 'HATO COROZAL', 1),
(1418, 136, 59, 'LA SALINA', 1),
(1419, 139, 59, 'MANI', 1),
(1420, 162, 59, 'MONTERREY', 1),
(1421, 225, 59, 'NUNCHIA', 1),
(1422, 230, 59, 'OROCUE', 1),
(1423, 250, 59, 'PAZ DE ARIPORO', 1),
(1424, 263, 59, 'PORE', 1),
(1425, 279, 59, 'RECETOR', 1),
(1426, 300, 59, 'SABANALARGA', 1),
(1427, 315, 59, 'SACAMA', 1),
(1428, 325, 59, 'SAN LUIS DE PALENQUE', 1),
(1429, 400, 59, 'TAMARA', 1),
(1430, 410, 59, 'TAURAMENA', 1),
(1431, 430, 59, 'TRINIDAD', 1),
(1432, 440, 59, 'VILLANUEVA', 1),
(1433, 1, 60, 'MOCOA', 1),
(1434, 219, 60, 'COLON', 1),
(1435, 320, 60, 'ORITO', 1),
(1436, 568, 60, 'PUERTO ASIS', 1),
(1437, 569, 60, 'PUERTO CAICEDO', 1),
(1438, 571, 60, 'PUERTO GUZMAN', 1),
(1439, 573, 60, 'LEGUIZAMO', 1),
(1440, 749, 60, 'SIBUNDOY', 1),
(1441, 755, 60, 'SAN FRANCISCO', 1),
(1442, 757, 60, 'SAN MIGUEL', 1),
(1443, 760, 60, 'SANTIAGO', 1),
(1444, 865, 60, 'VALLE DEL GUAMUEZ', 1),
(1445, 885, 60, 'VILLAGARZON', 1),
(1446, 1, 61, 'SAN ANDRES', 1),
(1447, 564, 61, 'PROVIDENCIA', 1),
(1448, 1, 62, 'LETICIA', 1),
(1449, 263, 62, 'EL ENCANTO', 1),
(1450, 405, 62, 'LA CHORRERA', 1),
(1451, 407, 62, 'LA PEDRERA', 1),
(1452, 430, 62, 'LA VICTORIA', 1),
(1453, 460, 62, 'MIRITI - PARANA', 1),
(1454, 530, 62, 'PUERTO ALEGRIA', 1),
(1455, 536, 62, 'PUERTO ARICA', 1),
(1456, 540, 62, 'PUERTO NARIÑO', 1),
(1457, 669, 62, 'PUERTO SANTANDER', 1),
(1458, 798, 62, 'TARAPACA', 1),
(1459, 1, 63, 'INIRIDA', 1),
(1460, 343, 63, 'BARRANCO MINAS', 1),
(1461, 663, 63, 'MAPIRIPANA', 1),
(1462, 883, 63, 'SAN FELIPE', 1),
(1463, 884, 63, 'PUERTO COLOMBIA', 1),
(1464, 885, 63, 'LA GUADALUPE', 1),
(1465, 886, 63, 'CACAHUAL', 1),
(1466, 887, 63, 'PANA PANA', 1),
(1467, 888, 63, 'MORICHAL', 1),
(1468, 1, 64, 'SAN JOSE DEL GUAVIARE', 1),
(1469, 15, 64, 'CALAMAR', 1),
(1470, 25, 64, 'EL RETORNO', 1),
(1471, 200, 64, 'MIRAFLORES', 1),
(1472, 1, 65, 'MITU', 1),
(1473, 161, 65, 'CARURU', 1),
(1474, 511, 65, 'PACOA', 1),
(1475, 666, 65, 'TARAIRA', 1),
(1476, 777, 65, 'PAPUNAUA', 1),
(1477, 889, 65, 'YAVARATE', 1),
(1478, 1, 66, 'PUERTO CARREÑO', 1),
(1479, 524, 66, 'LA PRIMAVERA', 1),
(1480, 624, 66, 'SANTA ROSALIA', 1),
(1481, 773, 66, 'CUMARIBO', 1);

-- --------------------------------------------------------

--
-- Estructura de tabla para la tabla `palabras_clave_producto`
--

CREATE TABLE IF NOT EXISTS `palabras_clave_producto` (
  `id` int(11) NOT NULL AUTO_INCREMENT,
  `id_producto` int(11) NOT NULL,
  `palabra` varchar(100) COLLATE utf8_spanish_ci NOT NULL,
  PRIMARY KEY (`id`),
  KEY `producto_fk_idx` (`id_producto`)
) ENGINE=InnoDB DEFAULT CHARSET=utf8 COLLATE=utf8_spanish_ci AUTO_INCREMENT=1 ;

-- --------------------------------------------------------

--
-- Estructura de tabla para la tabla `producto`
--

CREATE TABLE IF NOT EXISTS `producto` (
  `id` int(11) NOT NULL AUTO_INCREMENT,
  `nombre` varchar(80) COLLATE utf8_spanish_ci NOT NULL,
  `descripcion` longtext COLLATE utf8_spanish_ci,
  `precio` float NOT NULL,
  `id_estado` int(11) NOT NULL,
  `id_categoria` int(11) DEFAULT NULL,
  `activo` tinyint(1) NOT NULL DEFAULT '1',
  `fecha_publicacion` timestamp NULL DEFAULT CURRENT_TIMESTAMP,
  PRIMARY KEY (`id`),
  KEY `categoria_fk_idx` (`id_categoria`),
  KEY `estado_fk_idx` (`id_estado`)
) ENGINE=InnoDB DEFAULT CHARSET=utf8 COLLATE=utf8_spanish_ci AUTO_INCREMENT=1 ;

-- --------------------------------------------------------

--
-- Estructura de tabla para la tabla `producto_imagenes`
--

CREATE TABLE IF NOT EXISTS `producto_imagenes` (
  `id` int(11) NOT NULL AUTO_INCREMENT,
  `id_producto` int(11) NOT NULL,
  `ruta_imagen` varchar(255) COLLATE utf8_spanish_ci NOT NULL,
  `nombre_imagen` varchar(255) COLLATE utf8_spanish_ci NOT NULL,
  PRIMARY KEY (`id`,`id_producto`),
  KEY `producto_fk_idx` (`id_producto`)
) ENGINE=InnoDB DEFAULT CHARSET=utf8 COLLATE=utf8_spanish_ci AUTO_INCREMENT=1 ;

-- --------------------------------------------------------

--
-- Estructura de tabla para la tabla `producto_preguntas`
--

CREATE TABLE IF NOT EXISTS `producto_preguntas` (
  `id` int(11) NOT NULL AUTO_INCREMENT,
  `id_producto` int(11) NOT NULL DEFAULT '0',
  `id_usuario` int(11) NOT NULL DEFAULT '0',
  `texto` longtext COLLATE utf8_spanish_ci NOT NULL,
  `tipo` varchar(2) COLLATE utf8_spanish_ci NOT NULL COMMENT 'R para respuesta, P para pregunta',
  `id_respuesta_pregunta` int(11) DEFAULT NULL COMMENT 'Solo se usa si el tipo es R, aqui se pone el ID de la pregunta inicial',
  PRIMARY KEY (`id`,`id_producto`,`id_usuario`),
  KEY `producto_fk_idx` (`id_producto`),
  KEY `usuario_fk_idx` (`id_usuario`),
  KEY `pregunta_fk_idx` (`id_respuesta_pregunta`)
) ENGINE=InnoDB DEFAULT CHARSET=utf8 COLLATE=utf8_spanish_ci AUTO_INCREMENT=1 ;

-- --------------------------------------------------------

--
-- Estructura de tabla para la tabla `usuarios`
--

CREATE TABLE IF NOT EXISTS `usuarios` (
  `id` int(11) NOT NULL AUTO_INCREMENT,
  `id_front` int(11) NOT NULL,
  `nombre` varchar(100) COLLATE utf8_spanish_ci DEFAULT NULL,
  `fecha_registro` timestamp NULL DEFAULT CURRENT_TIMESTAMP,
  PRIMARY KEY (`id`)
) ENGINE=InnoDB DEFAULT CHARSET=utf8 COLLATE=utf8_spanish_ci AUTO_INCREMENT=1 ;

-- --------------------------------------------------------

--
-- Estructura de tabla para la tabla `usuarios_comentarios_calificacion`
--

CREATE TABLE IF NOT EXISTS `usuarios_comentarios_calificacion` (
  `id` int(11) NOT NULL AUTO_INCREMENT,
  `id_calificacion` int(11) NOT NULL,
  `comentario` longtext COLLATE utf8_spanish_ci NOT NULL,
  PRIMARY KEY (`id`,`id_calificacion`),
  KEY `calificacion_fk_idx` (`id_calificacion`)
) ENGINE=InnoDB DEFAULT CHARSET=utf8 COLLATE=utf8_spanish_ci AUTO_INCREMENT=1 ;

-- --------------------------------------------------------

--
-- Estructura de tabla para la tabla `usuario_calificacion`
--

CREATE TABLE IF NOT EXISTS `usuario_calificacion` (
  `id` int(11) NOT NULL AUTO_INCREMENT,
  `id_usuario` int(11) NOT NULL,
  `calificacion` int(11) NOT NULL,
  `comentario` longtext COLLATE utf8_spanish_ci,
  PRIMARY KEY (`id`,`id_usuario`),
  KEY `usuario_fk_idx` (`id_usuario`)
) ENGINE=InnoDB DEFAULT CHARSET=utf8 COLLATE=utf8_spanish_ci AUTO_INCREMENT=1 ;

--
-- Restricciones para tablas volcadas
--

--
-- Filtros para la tabla `municipios`
--
ALTER TABLE `municipios`
  ADD CONSTRAINT `departamento_fk` FOREIGN KEY (`id_departamento`) REFERENCES `departamentos` (`id`) ON DELETE CASCADE ON UPDATE NO ACTION;

--
-- Filtros para la tabla `palabras_clave_producto`
--
ALTER TABLE `palabras_clave_producto`
  ADD CONSTRAINT `producto_fk` FOREIGN KEY (`id_producto`) REFERENCES `producto` (`id`) ON DELETE CASCADE ON UPDATE NO ACTION;

--
-- Filtros para la tabla `producto`
--
ALTER TABLE `producto`
  ADD CONSTRAINT `categoria_fk` FOREIGN KEY (`id_categoria`) REFERENCES `categoria_producto` (`id`) ON DELETE NO ACTION ON UPDATE NO ACTION,
  ADD CONSTRAINT `estado_fk` FOREIGN KEY (`id_estado`) REFERENCES `estados_producto` (`id`) ON DELETE NO ACTION ON UPDATE NO ACTION;

--
-- Filtros para la tabla `producto_imagenes`
--
ALTER TABLE `producto_imagenes`
  ADD CONSTRAINT `producto_imagen_fk` FOREIGN KEY (`id_producto`) REFERENCES `producto` (`id`) ON DELETE CASCADE ON UPDATE NO ACTION;

--
-- Filtros para la tabla `producto_preguntas`
--
ALTER TABLE `producto_preguntas`
  ADD CONSTRAINT `usuario_pregunta_fk` FOREIGN KEY (`id_usuario`) REFERENCES `usuarios` (`id`) ON DELETE CASCADE,
  ADD CONSTRAINT `pregunta_fk` FOREIGN KEY (`id_respuesta_pregunta`) REFERENCES `producto_preguntas` (`id`) ON DELETE CASCADE ON UPDATE NO ACTION,
  ADD CONSTRAINT `producto_preguntas_fk` FOREIGN KEY (`id_producto`) REFERENCES `producto` (`id`) ON DELETE CASCADE;

--
-- Filtros para la tabla `usuarios_comentarios_calificacion`
--
ALTER TABLE `usuarios_comentarios_calificacion`
  ADD CONSTRAINT `calificacion_fk` FOREIGN KEY (`id_calificacion`) REFERENCES `usuario_calificacion` (`id`) ON DELETE CASCADE ON UPDATE NO ACTION;

--
-- Filtros para la tabla `usuario_calificacion`
--
ALTER TABLE `usuario_calificacion`
  ADD CONSTRAINT `usuario_fk` FOREIGN KEY (`id_usuario`) REFERENCES `usuarios` (`id`) ON DELETE NO ACTION ON UPDATE NO ACTION;

/*!40101 SET CHARACTER_SET_CLIENT=@OLD_CHARACTER_SET_CLIENT */;
/*!40101 SET CHARACTER_SET_RESULTS=@OLD_CHARACTER_SET_RESULTS */;
/*!40101 SET COLLATION_CONNECTION=@OLD_COLLATION_CONNECTION */;
